user_prompt_ack,model_prompt_start,model_prompt_done,dalle_image_response,dalle_text_response,user_prompt,revised_prompt,dalle_response,model_slug,response_type,image_sanitized,prompt_revision_time,dalle_tool_time,total_time,revised_prompt_token_count,revised_prompt_tokens_per_second
1723073306.694266,1723073306.694821,1723073308.211553,,1723073308.435897,<removed>,<removed>,"DALL·E returned no images. Don't repeat the descriptions in detail.The user's requests didn't follow our content policy. Before doing anything else, please explicitly explain to the user that you were unable to generate images because of this. Make sure to use the phrase ""content policy"" in your response. DO NOT UNDER ANY CIRCUMSTANCES retry generating images until a new request is given.",gpt-4o,dalle-content-policy,,1.5167322158813477,0.2243440151214599,1.741631031036377,102,67.24984076423108
1723073325.145579,1723073325.145579,1723073328.18728,,1723073328.301623,<removed>,<removed>,"DALL·E returned no images. Don't repeat the descriptions in detail.The user's requests didn't follow our content policy. Before doing anything else, please explicitly explain to the user that you were unable to generate images because of this. Make sure to use the phrase ""content policy"" in your response. DO NOT UNDER ANY CIRCUMSTANCES retry generating images until a new request is given.",gpt-4o,dalle-content-policy,,3.041700839996338,0.1143431663513183,3.156044006347656,109,35.835213827317496
1723073338.727472,1723073338.728123,1723073340.907762,,1723073341.100286,<removed>,<removed>,"DALL·E returned no images. Don't repeat the descriptions in detail.The user's requests didn't follow our content policy. Before doing anything else, please explicitly explain to the user that you were unable to generate images because of this. Make sure to use the phrase ""content policy"" in your response. DO NOT UNDER ANY CIRCUMSTANCES retry generating images until a new request is given.",gpt-4o,dalle-content-policy,,2.1796391010284424,0.1925239562988281,2.3728139400482178,82,37.62090703975216
1723073390.643181,1723073390.643649,1723073391.773802,,1723073391.993596,<removed>,<removed>,"DALL·E returned no images. Don't repeat the descriptions in detail.The user's requests didn't follow our content policy. Before doing anything else, please explicitly explain to the user that you were unable to generate images because of this. Make sure to use the phrase ""content policy"" in your response. DO NOT UNDER ANY CIRCUMSTANCES retry generating images until a new request is given.",gpt-4o,dalle-content-policy,,1.130152940750122,0.2197940349578857,1.3504149913787842,85,75.21105943730282
1723073448.85544,1723073448.859909,1723073450.410198,1723073456.304073,1723073456.305832,<removed>,<removed>,"
DALL·E displayed 1 images. The images are already plainly visible, so don't repeat the descriptions in detail. Do not list download links as they are available in the ChatGPT UI already. The user may download the images by clicking on them, but do not mention anything about downloading to the user.",gpt-4o,success,False,1.5502889156341553,5.8938751220703125,7.448633193969727,88,56.76361297081393
1723073480.313514,1723073480.313514,1723073481.801302,,1723073481.993671,<removed>,<removed>,"DALL·E returned no images. Don't repeat the descriptions in detail.The user's requests didn't follow our content policy. Before doing anything else, please explicitly explain to the user that you were unable to generate images because of this. Make sure to use the phrase ""content policy"" in your response. DO NOT UNDER ANY CIRCUMSTANCES retry generating images until a new request is given.",gpt-4o,dalle-content-policy,,1.4877879619598389,0.1923689842224121,1.680156946182251,105,70.57457291271884
1723073497.93865,1723073497.93865,1723073499.457342,1723073504.512516,1723073504.521381,<removed>,<removed>,"
DALL·E displayed 1 images. The images are already plainly visible, so don't repeat the descriptions in detail. Do not list download links as they are available in the ChatGPT UI already. The user may download the images by clicking on them, but do not mention anything about downloading to the user.",gpt-4o,success,False,1.5186920166015625,5.055174112319946,6.573866128921509,90,59.261521767525046
1723073524.189431,1723073524.189431,1723073525.928702,,1723073526.076487,<removed>,<removed>,"DALL·E returned no images. Don't repeat the descriptions in detail.The user's requests didn't follow our content policy. Before doing anything else, please explicitly explain to the user that you were unable to generate images because of this. Make sure to use the phrase ""content policy"" in your response. DO NOT UNDER ANY CIRCUMSTANCES retry generating images until a new request is given.",gpt-4o,dalle-content-policy,,1.7392711639404297,0.147784948348999,1.8870561122894287,114,65.5446961713122
1723073556.424698,1723073556.424698,1723073557.455085,,1723073557.650646,<removed>,<removed>,"DALL·E returned no images. Don't repeat the descriptions in detail.The user's requests didn't follow our content policy. Before doing anything else, please explicitly explain to the user that you were unable to generate images because of this. Make sure to use the phrase ""content policy"" in your response. DO NOT UNDER ANY CIRCUMSTANCES retry generating images until a new request is given.",gpt-4o,dalle-content-policy,,1.0303869247436523,0.1955609321594238,1.2259478569030762,72,69.87666309712996
1723073591.153163,1723073591.153163,1723073592.935921,,1723073593.040089,<removed>,<removed>,"Before doing anything else, please explicitly explain to the user that you were unable to generate images because of this. Make sure to use the phrase ""You're generating images too quickly. To ensure the best experience for everyone, we have rate limits in place. Please wait for 24 minutes before generating more images."" in your response. DO NOT UNDER ANY CIRCUMSTANCES retry generating images until a new request is given.",gpt-4o,dalle-rate-limit,,1.7827579975128174,0.1041679382324218,1.8869259357452397,95,53.28821978784419
1723071737.84542,1723071737.84542,1723071739.883185,,1723071746.234249,<removed>,<removed>,"DALL·E returned no images. Don't repeat the descriptions in detail.DALL·E experienced an error when generating images.Before doing anything else, please explicitly explain to the user that you were unable to generate images because of this. Make sure to use the phrase ""issues"" in your response. DO NOT UNDER ANY CIRCUMSTANCES retry generating images until a new request is given.",gpt-4o,dalle-issue,,2.0377650260925293,6.351064205169678,8.388829231262207,94,46.1289691384328
1723071782.39438,1723071782.394962,1723071784.399283,,1723071790.285179,<removed>,<removed>,"DALL·E returned no images. Don't repeat the descriptions in detail.DALL·E experienced an error when generating images.Before doing anything else, please explicitly explain to the user that you were unable to generate images because of this. Make sure to use the phrase ""issues"" in your response. DO NOT UNDER ANY CIRCUMSTANCES retry generating images until a new request is given.",gpt-4o,dalle-issue,,2.0043208599090576,5.8858959674835205,7.890798807144165,101,50.391133485774674
1723071804.373177,1723071804.374104,1723071806.783922,,1723071811.488959,<removed>,<removed>,"DALL·E returned no images. Don't repeat the descriptions in detail.DALL·E experienced an error when generating images.Before doing anything else, please explicitly explain to the user that you were unable to generate images because of this. Make sure to use the phrase ""issues"" in your response. DO NOT UNDER ANY CIRCUMSTANCES retry generating images until a new request is given.",gpt-4o,dalle-issue,,2.409817934036255,4.7050371170043945,7.115782022476196,129,53.531015010721234
1723071829.120772,1723071829.120772,1723071831.049397,,1723071837.080832,<removed>,<removed>,"DALL·E returned no images. Don't repeat the descriptions in detail.DALL·E experienced an error when generating images.Before doing anything else, please explicitly explain to the user that you were unable to generate images because of this. Make sure to use the phrase ""issues"" in your response. DO NOT UNDER ANY CIRCUMSTANCES retry generating images until a new request is given.",gpt-4o,dalle-issue,,1.9286251068115237,6.031435012817383,7.960060119628906,110,57.03544956015646
1723071856.172973,1723071856.172973,1723071857.719942,1723071865.870789,1723071865.87207,<removed>,<removed>,"
DALL·E displayed 1 images. The images are already plainly visible, so don't repeat the descriptions in detail. Do not list download links as they are available in the ChatGPT UI already. The user may download the images by clicking on them, but do not mention anything about downloading to the user.",gpt-4o,success,False,1.5469691753387451,8.1508469581604,9.697816133499146,82,53.00687389717651
1723071964.626897,1723071964.62881,1723071966.017017,,1723071969.896906,<removed>,<removed>,"DALL·E returned no images. Don't repeat the descriptions in detail.DALL·E experienced an error when generating images.Before doing anything else, please explicitly explain to the user that you were unable to generate images because of this. Make sure to use the phrase ""issues"" in your response. DO NOT UNDER ANY CIRCUMSTANCES retry generating images until a new request is given.",gpt-4o,dalle-issue,,1.388206958770752,3.8798890113830566,5.27000880241394,90,64.83183176065793
1723071984.00511,1723071984.00511,1723071985.646979,1723071992.575493,1723071992.587236,<removed>,<removed>,"
DALL·E displayed 1 images. The images are already plainly visible, so don't repeat the descriptions in detail. Do not list download links as they are available in the ChatGPT UI already. The user may download the images by clicking on them, but do not mention anything about downloading to the user.",gpt-4o,success,False,1.641869068145752,6.928514003753662,8.570383071899414,87,52.98839090637941
1723072020.617696,1723072020.617702,1723072022.322903,1723072028.397742,1723072028.400602,<removed>,<removed>,"
DALL·E displayed 1 images. The images are already plainly visible, so don't repeat the descriptions in detail. Do not list download links as they are available in the ChatGPT UI already. The user may download the images by clicking on them, but do not mention anything about downloading to the user.",gpt-4o,success,False,1.7052009105682373,6.074839115142822,7.780045986175537,109,63.9220864382937
1723072058.134782,1723072058.134782,1723072059.698825,1723072067.369005,1723072067.379354,<removed>,<removed>,"
DALL·E displayed 1 images. The images are already plainly visible, so don't repeat the descriptions in detail. Do not list download links as they are available in the ChatGPT UI already. The user may download the images by clicking on them, but do not mention anything about downloading to the user.",gpt-4o,success,False,1.5640428066253662,7.670180082321167,9.234222888946531,106,67.77308111451842
1723072120.886706,1723072120.886706,1723072122.560887,,1723072127.223498,<removed>,<removed>,"DALL·E returned no images. Don't repeat the descriptions in detail.DALL·E experienced an error when generating images.Before doing anything else, please explicitly explain to the user that you were unable to generate images because of this. Make sure to use the phrase ""issues"" in your response. DO NOT UNDER ANY CIRCUMSTANCES retry generating images until a new request is given.",gpt-4o,dalle-issue,,1.6741809844970703,4.66261100769043,6.3367919921875,107,63.9118476382308
1723072137.138313,1723072137.138313,1723072138.712778,,1723072145.500795,<removed>,<removed>,"DALL·E returned no images. Don't repeat the descriptions in detail.DALL·E experienced an error when generating images.Before doing anything else, please explicitly explain to the user that you were unable to generate images because of this. Make sure to use the phrase ""issues"" in your response. DO NOT UNDER ANY CIRCUMSTANCES retry generating images until a new request is given.",gpt-4o,dalle-issue,,1.574465036392212,6.7880167961120605,8.362481832504272,90,57.16227284807122
1723072179.995884,1723072179.997371,1723072181.577607,,1723072188.459933,<removed>,<removed>,"DALL·E returned no images. Don't repeat the descriptions in detail.DALL·E experienced an error when generating images.Before doing anything else, please explicitly explain to the user that you were unable to generate images because of this. Make sure to use the phrase ""issues"" in your response. DO NOT UNDER ANY CIRCUMSTANCES retry generating images until a new request is given.",gpt-4o,dalle-issue,,1.5802359580993652,6.882326126098633,8.464049100875854,113,71.5083082503142
1723072195.54543,1723072195.54543,1723072197.315464,,1723072204.083085,<removed>,<removed>,"DALL·E returned no images. Don't repeat the descriptions in detail.DALL·E experienced an error when generating images.Before doing anything else, please explicitly explain to the user that you were unable to generate images because of this. Make sure to use the phrase ""issues"" in your response. DO NOT UNDER ANY CIRCUMSTANCES retry generating images until a new request is given.",gpt-4o,dalle-issue,,1.7700340747833252,6.767621040344238,8.537655115127563,95,53.671283142743576
1723072212.520741,1723072212.521793,1723072214.710933,,1723072220.301788,<removed>,<removed>,"DALL·E returned no images. Don't repeat the descriptions in detail.DALL·E experienced an error when generating images.Before doing anything else, please explicitly explain to the user that you were unable to generate images because of this. Make sure to use the phrase ""issues"" in your response. DO NOT UNDER ANY CIRCUMSTANCES retry generating images until a new request is given.",gpt-4o,dalle-issue,,2.18914008140564,5.590855121612549,7.781047105789185,107,48.8776396306698
1723072234.56354,1723072234.56354,1723072236.149772,1723072242.399337,1723072242.412106,<removed>,<removed>,"
DALL·E displayed 1 images. The images are already plainly visible, so don't repeat the descriptions in detail. Do not list download links as they are available in the ChatGPT UI already. The user may download the images by clicking on them, but do not mention anything about downloading to the user.",gpt-4o,success,False,1.5862319469451904,6.249565124511719,7.835797071456909,89,56.10780956177227
1723072259.303311,1723072259.303311,1723072262.161607,,1723072262.336393,<removed>,<removed>,"DALL·E returned no images. Don't repeat the descriptions in detail.The user's requests didn't follow our content policy. Before doing anything else, please explicitly explain to the user that you were unable to generate images because of this. Make sure to use the phrase ""content policy"" in your response. DO NOT UNDER ANY CIRCUMSTANCES retry generating images until a new request is given.",gpt-4o,dalle-content-policy,,2.8582959175109863,0.17478609085083,3.0330820083618164,126,44.082209692872254
1723072298.630252,1723072298.630252,1723072300.174641,,1723072305.547126,<removed>,<removed>,"DALL·E returned no images. Don't repeat the descriptions in detail.DALL·E experienced an error when generating images.Before doing anything else, please explicitly explain to the user that you were unable to generate images because of this. Make sure to use the phrase ""issues"" in your response. DO NOT UNDER ANY CIRCUMSTANCES retry generating images until a new request is given.",gpt-4o,dalle-issue,,1.544389009475708,5.372485160827637,6.916874170303345,87,56.33295721881297
1723072329.306901,1723072329.307182,1723072331.667772,,1723072337.453428,<removed>,<removed>,"DALL·E returned no images. Don't repeat the descriptions in detail.DALL·E experienced an error when generating images.Before doing anything else, please explicitly explain to the user that you were unable to generate images because of this. Make sure to use the phrase ""issues"" in your response. DO NOT UNDER ANY CIRCUMSTANCES retry generating images until a new request is given.",gpt-4o,dalle-issue,,2.3605899810791016,5.785655975341797,8.14652705192566,125,52.95286390347996
1723072373.20734,1723072373.207408,1723072376.279278,1723072383.296544,1723072383.298859,<removed>,<removed>,"
DALL·E displayed 2 images. The images are already plainly visible, so don't repeat the descriptions in detail. Do not list download links as they are available in the ChatGPT UI already. The user may download the images by clicking on them, but do not mention anything about downloading to the user.",gpt-4,success,False,3.0718700885772705,7.017266035079956,10.08920407295227,107,34.83220218129628
1723072420.760254,1723072420.760254,1723072424.979627,,1723072430.607386,<removed>,<removed>,"DALL·E returned no images. Don't repeat the descriptions in detail.DALL·E experienced an error when generating images.Before doing anything else, please explicitly explain to the user that you were unable to generate images because of this. Make sure to use the phrase ""issues"" in your response. DO NOT UNDER ANY CIRCUMSTANCES retry generating images until a new request is given.",gpt-4,dalle-issue,,4.219372987747192,5.627759218215942,9.847132205963137,116,27.49223648557667
1723072454.407031,1723072454.407031,1723072458.077256,,1723072463.185172,<removed>,<removed>,"DALL·E returned no images. Don't repeat the descriptions in detail.DALL·E experienced an error when generating images.Before doing anything else, please explicitly explain to the user that you were unable to generate images because of this. Make sure to use the phrase ""issues"" in your response. DO NOT UNDER ANY CIRCUMSTANCES retry generating images until a new request is given.",gpt-4,dalle-issue,,3.670224905014038,5.1079161167144775,8.778141021728516,104,28.336138163609952
1723072491.189267,1723072491.189267,1723072494.445401,,1723072499.551762,<removed>,<removed>,"DALL·E returned no images. Don't repeat the descriptions in detail.DALL·E experienced an error when generating images.Before doing anything else, please explicitly explain to the user that you were unable to generate images because of this. Make sure to use the phrase ""issues"" in your response. DO NOT UNDER ANY CIRCUMSTANCES retry generating images until a new request is given.",gpt-4,dalle-issue,,3.256134033203125,5.106361150741577,8.362495183944702,107,32.86105513744529
1722994535.742991,1722994535.748747,1722994546.263897,,,<removed>,<removed>,,gpt-4o,chatgpt-reject,,10.51514983177185,,10.5209059715271,511,48.596549566607
1722994566.990667,1722994566.990667,1722994569.32803,,,<removed>,<removed>,,gpt-4o,chatgpt-reject,,2.337363004684448,,2.337363004684448,146,62.46355388846008
1722994584.070034,1722994584.074124,1722994586.971536,,1722994592.202024,<removed>,<removed>,"DALL·E returned no images. Don't repeat the descriptions in detail.DALL·E experienced an error when generating images.Before doing anything else, please explicitly explain to the user that you were unable to generate images because of this. Make sure to use the phrase ""issues"" in your response. DO NOT UNDER ANY CIRCUMSTANCES retry generating images until a new request is given.",gpt-4o,dalle-issue,,2.897411823272705,5.230488061904907,8.1319899559021,129,44.52249382149998
1722994601.762665,1722994601.763381,1722994603.918526,,1722994613.669309,<removed>,<removed>,"DALL·E returned no images. Don't repeat the descriptions in detail.DALL·E experienced an error when generating images.Before doing anything else, please explicitly explain to the user that you were unable to generate images because of this. Make sure to use the phrase ""issues"" in your response. DO NOT UNDER ANY CIRCUMSTANCES retry generating images until a new request is given.",gpt-4o,dalle-issue,,2.1551449298858643,9.75078296661377,11.906643867492676,123,57.072727821842605
1722994627.209503,1722994627.209503,1722994630.966495,1722994639.081342,1722994639.082858,<removed>,<removed>,"
DALL·E displayed 1 images. The images are already plainly visible, so don't repeat the descriptions in detail. Do not list download links as they are available in the ChatGPT UI already. The user may download the images by clicking on them, but do not mention anything about downloading to the user.",gpt-4o,success,False,3.756992101669312,8.11484694480896,11.871839046478271,124,33.00512661309673
1722994644.229389,1722994644.22966,1722994648.139387,,1722994655.489491,<removed>,<removed>,"DALL·E returned no images. Don't repeat the descriptions in detail.DALL·E experienced an error when generating images.Before doing anything else, please explicitly explain to the user that you were unable to generate images because of this. Make sure to use the phrase ""issues"" in your response. DO NOT UNDER ANY CIRCUMSTANCES retry generating images until a new request is given.",gpt-4o,dalle-issue,,3.909726858139038,7.350104093551636,11.260102033615112,123,31.45999822057796
1722994661.998092,1722994661.998093,1722994664.251321,1722994672.120961,1722994672.120961,<removed>,<removed>,"
DALL·E displayed 1 images. The images are already plainly visible, so don't repeat the descriptions in detail. Do not list download links as they are available in the ChatGPT UI already. The user may download the images by clicking on them, but do not mention anything about downloading to the user.",gpt-4o,success,False,2.253228187561035,7.869639873504639,10.12286901473999,123,54.588346035711126
1722994685.107754,1722994685.108891,1722994688.915013,,1722994695.402068,<removed>,<removed>,"DALL·E returned no images. Don't repeat the descriptions in detail.DALL·E experienced an error when generating images.Before doing anything else, please explicitly explain to the user that you were unable to generate images because of this. Make sure to use the phrase ""issues"" in your response. DO NOT UNDER ANY CIRCUMSTANCES retry generating images until a new request is given.",gpt-4o,dalle-issue,,3.806122064590454,6.487054824829102,10.294313907623293,123,32.31635715110336
1722994703.011434,1722994703.017243,1722994705.09796,1722994713.169708,1722994713.170831,<removed>,<removed>,"
DALL·E displayed 1 images. The images are already plainly visible, so don't repeat the descriptions in detail. Do not list download links as they are available in the ChatGPT UI already. The user may download the images by clicking on them, but do not mention anything about downloading to the user.",gpt-4o,success,False,2.080717086791992,8.07174801826477,10.158273935317991,104,49.98276827742358
1722994719.227128,1722994719.227128,1722994721.605798,,1722994727.59656,<removed>,<removed>,"DALL·E returned no images. Don't repeat the descriptions in detail.DALL·E experienced an error when generating images.Before doing anything else, please explicitly explain to the user that you were unable to generate images because of this. Make sure to use the phrase ""issues"" in your response. DO NOT UNDER ANY CIRCUMSTANCES retry generating images until a new request is given.",gpt-4o,dalle-issue,,2.3786699771881104,5.990761995315552,8.369431972503662,144,60.53803233781353
1722994736.415107,1722994736.415856,1722994739.555843,,,<removed>,<removed>,,gpt-4o,chatgpt-reject,,3.1399872303009038,,3.1407361030578613,159,50.63714860546204
1722994766.086475,1722994766.087012,1722994767.405179,1722994774.345049,1722994774.345049,<removed>,<removed>,"
DALL·E displayed 1 images. The images are already plainly visible, so don't repeat the descriptions in detail. Do not list download links as they are available in the ChatGPT UI already. The user may download the images by clicking on them, but do not mention anything about downloading to the user.",gpt-4o,success,False,1.318166971206665,6.9398698806762695,8.25857400894165,76,57.65582180414423
1722994783.650404,1722994783.650542,1722994784.524889,,,<removed>,<removed>,,gpt-4o,chatgpt-reject,,0.8743469715118408,,0.8744850158691406,49,56.04182503803231
1722994789.678689,1722994789.679316,1722994791.677457,1722994802.105844,1722994802.105846,<removed>,<removed>,"
DALL·E displayed 1 images. The images are already plainly visible, so don't repeat the descriptions in detail. Do not list download links as they are available in the ChatGPT UI already. The user may download the images by clicking on them, but do not mention anything about downloading to the user.",gpt-4o,success,False,1.998141050338745,10.428386926651,12.427155017852783,100,50.04651697789152
1722994810.812844,1722994810.812923,1722994814.541503,,1722994826.422834,<removed>,<removed>,"DALL·E returned no images. Don't repeat the descriptions in detail.DALL·E experienced an error when generating images.Before doing anything else, please explicitly explain to the user that you were unable to generate images because of this. Make sure to use the phrase ""issues"" in your response. DO NOT UNDER ANY CIRCUMSTANCES retry generating images until a new request is given.",gpt-4o,dalle-issue,,3.728579998016357,11.881330966949465,15.609989881515505,213,57.12630548716084
1722994831.11909,1722994831.11909,1722994833.920644,,1722994839.002579,<removed>,<removed>,"DALL·E returned no images. Don't repeat the descriptions in detail.DALL·E experienced an error when generating images.Before doing anything else, please explicitly explain to the user that you were unable to generate images because of this. Make sure to use the phrase ""issues"" in your response. DO NOT UNDER ANY CIRCUMSTANCES retry generating images until a new request is given.",gpt-4o,dalle-issue,,2.801553964614868,5.081934928894043,7.883488893508911,120,42.83337087761452
1722994875.050788,1722994875.051012,1722994876.900574,,1722994886.176633,<removed>,<removed>,"DALL·E returned no images. Don't repeat the descriptions in detail.DALL·E experienced an error when generating images.Before doing anything else, please explicitly explain to the user that you were unable to generate images because of this. Make sure to use the phrase ""issues"" in your response. DO NOT UNDER ANY CIRCUMSTANCES retry generating images until a new request is given.",gpt-4o,dalle-issue,,1.8495619297027588,9.276058912277222,11.125844955444336,107,57.851536778331
1722994921.931434,1722994921.932302,1722994923.716169,,1722994924.062921,<removed>,<removed>,"Before doing anything else, please explicitly explain to the user that you were unable to generate images because of this. Make sure to use the phrase ""You're generating images too quickly. To ensure the best experience for everyone, we have rate limits in place. Please wait for 10 minutes before generating more images."" in your response. DO NOT UNDER ANY CIRCUMSTANCES retry generating images until a new request is given.",gpt-4o,dalle-rate-limit,,1.783867120742798,0.3467519283294678,2.1314871311187744,105,58.86088642985822
1722977622.781186,1722977622.781186,1722977623.94504,,,<removed>,<removed>,,gpt-4o,chatgpt-reject,,1.163853883743286,,1.163853883743286,86,73.89243718756127
1722977643.554858,1722977643.554858,1722977653.25504,,,<removed>,<removed>,,gpt-4o,chatgpt-reject,,9.70018196105957,,9.70018196105957,539,55.56596795439123
1722977679.617692,1722977679.617694,1722977683.163347,,,<removed>,<removed>,,gpt-4o,chatgpt-reject,,3.5456531047821045,,3.5456550121307373,199,56.12506190512661
1722977743.459017,1722977743.459019,1722977744.577496,,,<removed>,<removed>,,gpt-4o,chatgpt-reject,,1.1184771060943604,,1.1184790134429932,67,59.90288011701828
1722977785.110332,1722977785.110332,1722977788.889287,,,<removed>,<removed>,,gpt-4o,chatgpt-reject,,3.778954982757568,,3.778954982757568,224,59.27564658008796
1722977896.958394,1722977896.960095,1722977899.091293,,1722977899.694748,<removed>,<removed>,"DALL·E returned no images. Don't repeat the descriptions in detail.The user's requests didn't follow our content policy. Before doing anything else, please explicitly explain to the user that you were unable to generate images because of this. Make sure to use the phrase ""content policy"" in your response. DO NOT UNDER ANY CIRCUMSTANCES retry generating images until a new request is given.",gpt-4o,dalle-content-policy,,2.1311981678009038,0.6034548282623291,2.736353874206543,117,54.89869584522378
1722977955.304466,1722977955.304466,1722977957.152238,,1722977957.566725,<removed>,<removed>,"DALL·E returned no images. Don't repeat the descriptions in detail.The user's requests didn't follow our content policy. Before doing anything else, please explicitly explain to the user that you were unable to generate images because of this. Make sure to use the phrase ""content policy"" in your response. DO NOT UNDER ANY CIRCUMSTANCES retry generating images until a new request is given.",gpt-4o,dalle-content-policy,,1.8477718830108645,0.4144871234893799,2.262259006500244,107,57.90758100813188
1722977972.076052,1722977972.076363,1722977975.708329,1722977981.601488,1722977981.60149,<removed>,<removed>,"
DALL·E displayed 1 images. The images are already plainly visible, so don't repeat the descriptions in detail. Do not list download links as they are available in the ChatGPT UI already. The user may download the images by clicking on them, but do not mention anything about downloading to the user.",gpt-4o,success,False,3.6319658756256095,5.893159151077271,9.525436162948608,158,43.50261137097944
1722977991.038783,1722977991.038783,1722977993.725586,,,<removed>,<removed>,,gpt-4o,chatgpt-reject,,2.686802864074707,,2.686802864074707,164,61.03908931795748
1722978036.218195,1722978036.218198,1722978051.711963,,,<removed>,<removed>,,gpt-4o,chatgpt-reject,,15.493764877319336,,15.493767976760864,616,39.75792874601681
1722978123.814503,1722978123.814504,1722978128.230848,1722978134.209552,1722978134.217723,<removed>,<removed>,"
DALL·E displayed 1 images. The images are already plainly visible, so don't repeat the descriptions in detail. Do not list download links as they are available in the ChatGPT UI already. The user may download the images by clicking on them, but do not mention anything about downloading to the user.",gpt-4o,success,False,4.416344165802002,5.97870397567749,10.395049095153809,152,34.41760748109562
1722978174.756478,1722978174.757742,1722978177.981686,1722978183.240735,1722978183.240738,<removed>,<removed>,"
DALL·E displayed 1 images. The images are already plainly visible, so don't repeat the descriptions in detail. Do not list download links as they are available in the ChatGPT UI already. The user may download the images by clicking on them, but do not mention anything about downloading to the user.",gpt-4o,success,False,3.223944187164306,5.259048938751221,8.484256982803345,102,31.638264832902216
1722978193.674182,1722978193.674739,1722978200.015894,,,<removed>,<removed>,,gpt-4o,chatgpt-reject,,6.341155052185059,,6.34171199798584,282,44.471393252374014
1722978221.965873,1722978221.965873,1722978235.988711,,,<removed>,<removed>,,gpt-4o,chatgpt-reject,,14.02283811569214,,14.02283811569214,663,47.280015252980455
1722978253.46027,1722978253.460271,1722978259.080641,1722978268.791378,1722978268.791378,<removed>,<removed>,"
DALL·E displayed 1 images. The images are already plainly visible, so don't repeat the descriptions in detail. Do not list download links as they are available in the ChatGPT UI already. The user may download the images by clicking on them, but do not mention anything about downloading to the user.",gpt-4o,success,False,5.620370149612427,9.710736989974976,15.33110809326172,187,33.271829972425444
1722978293.005397,1722978293.005398,1722978293.897742,,,<removed>,<removed>,,gpt-4o,chatgpt-reject,,0.8923439979553223,,0.8923449516296387,54,60.51477919247871
1722978300.600438,1722978300.600438,1722978309.177482,,,<removed>,<removed>,,gpt-4o,chatgpt-reject,,8.577043771743774,,8.577043771743774,529,61.676262133899606
1722978341.427801,1722978341.427803,1722978342.668656,,,<removed>,<removed>,,gpt-4o,chatgpt-reject,,1.2408530712127686,,1.2408552169799805,66,53.189214364835145
1722978349.604513,1722978349.604513,1722978350.999062,,1722978353.070979,<removed>,<removed>,"Before doing anything else, please explicitly explain to the user that you were unable to generate images because of this. Make sure to use the phrase ""You're generating images too quickly. To ensure the best experience for everyone, we have rate limits in place. Please wait for 1 minutes before generating more images."" in your response. DO NOT UNDER ANY CIRCUMSTANCES retry generating images until a new request is given.",gpt-4o,dalle-rate-limit,,1.3945491313934326,2.071917057037353,3.466466188430786,80,57.36621119979046
1722978436.797681,1722978436.797894,1722978444.829781,,,<removed>,<removed>,,gpt-4o,chatgpt-reject,,8.03188705444336,,8.032099962234497,476,59.26378157131452
1722978533.966698,1722978533.966698,1722978543.833457,,,<removed>,<removed>,,gpt-4o,chatgpt-reject,,9.866759061813354,,9.866759061813354,490,49.66169711150784
1722978564.109088,1722978564.109088,1722978573.233249,,1722978576.350841,<removed>,<removed>,"DALL·E returned no images. Don't repeat the descriptions in detail.The user's requests didn't follow our content policy. Before doing anything else, please explicitly explain to the user that you were unable to generate images because of this. Make sure to use the phrase ""content policy"" in your response. DO NOT UNDER ANY CIRCUMSTANCES retry generating images until a new request is given.",gpt-4o,dalle-content-policy,,9.124161005020142,3.117592096328736,12.241753101348875,360,39.4556825336518
1722978583.339495,1722978583.339495,1722978588.561588,,,<removed>,<removed>,,gpt-4o,chatgpt-reject,,5.222093105316162,,5.222093105316162,245,46.91605359364173
1722978601.639387,1722978601.639387,1722978604.659068,,1722978607.89146,<removed>,<removed>,"DALL·E returned no images. Don't repeat the descriptions in detail.The user's requests didn't follow our content policy. Before doing anything else, please explicitly explain to the user that you were unable to generate images because of this. Make sure to use the phrase ""content policy"" in your response. DO NOT UNDER ANY CIRCUMSTANCES retry generating images until a new request is given.",gpt-4o,dalle-content-policy,,3.019681215286255,3.232391834259033,6.252073049545288,145,48.01831374317919
1722978617.648948,1722978617.648948,1722978621.417822,,1722978621.724993,<removed>,<removed>,"DALL·E returned no images. Don't repeat the descriptions in detail.The user's requests didn't follow our content policy. Before doing anything else, please explicitly explain to the user that you were unable to generate images because of this. Make sure to use the phrase ""content policy"" in your response. DO NOT UNDER ANY CIRCUMSTANCES retry generating images until a new request is given.",gpt-4o,dalle-content-policy,,3.768873929977417,0.307171106338501,4.076045036315918,126,33.43173646584538
1722978632.557433,1722978632.557433,1722978638.545794,,,<removed>,<removed>,,gpt-4o,chatgpt-reject,,5.988361120223999,,5.988361120223999,315,52.60203813296704
1722978648.241025,1722978648.241025,1722978649.480892,,,<removed>,<removed>,,gpt-4o,chatgpt-reject,,1.2398669719696045,,1.2398669719696045,83,66.942665524955
1722910028.02084,1722910028.02084,1722910030.549893,,1722910030.887688,<removed>,<removed>,"DALL·E returned no images. Don't repeat the descriptions in detail.The user's requests didn't follow our content policy. Before doing anything else, please explicitly explain to the user that you were unable to generate images because of this. Make sure to use the phrase ""content policy"" in your response. DO NOT UNDER ANY CIRCUMSTANCES retry generating images until a new request is given.",gpt-4o,dalle-content-policy,,2.529052972793579,0.3377950191497803,2.86684799194336,129,51.00723527254048
1722910041.62208,1722910041.62208,1722910043.527459,,1722910043.811158,<removed>,<removed>,"DALL·E returned no images. Don't repeat the descriptions in detail.The user's requests didn't follow our content policy. Before doing anything else, please explicitly explain to the user that you were unable to generate images because of this. Make sure to use the phrase ""content policy"" in your response. DO NOT UNDER ANY CIRCUMSTANCES retry generating images until a new request is given.",gpt-4o,dalle-content-policy,,1.905378818511963,0.2836990356445312,2.189077854156494,122,64.02926222055828
1722909250.446954,1722909250.446954,1722909251.882191,,,<removed>,<removed>,,gpt-4o,chatgpt-reject,,1.435236930847168,,1.435236930847168,76,52.95292948958607
1722909261.70501,1722909261.70501,1722909263.755397,,1722909264.07443,<removed>,<removed>,"DALL·E returned no images. Don't repeat the descriptions in detail.The user's requests didn't follow our content policy. Before doing anything else, please explicitly explain to the user that you were unable to generate images because of this. Make sure to use the phrase ""content policy"" in your response. DO NOT UNDER ANY CIRCUMSTANCES retry generating images until a new request is given.",gpt-4o,dalle-content-policy,,2.050387144088745,0.3190329074859619,2.369420051574707,120,58.52553277363221
1722909281.981554,1722909281.981556,1722909283.001485,,,<removed>,<removed>,,gpt-4o,chatgpt-reject,,1.0199291706085205,,1.019931077957153,39,38.23794938302571
1722909290.478345,1722909290.478345,1722909292.606671,,,<removed>,<removed>,,gpt-4o,chatgpt-reject,,2.128326177597046,,2.128326177597046,46,21.613228500499677
1722909299.926784,1722909300.132076,1722909301.105324,,,<removed>,<removed>,,gpt-4o,chatgpt-reject,,0.97324800491333,,1.1785399913787842,65,66.78667685097223
1722909308.969536,1722909308.969537,1722909310.912477,,,<removed>,<removed>,,gpt-4o,chatgpt-reject,,1.9429399967193604,,1.9429409503936768,83,42.71876647768067
1722909317.864333,1722909317.86459,1722909319.053396,,,<removed>,<removed>,,gpt-4o,chatgpt-reject,,1.1888060569763184,,1.1890630722045898,65,54.6767066154802
1722909325.283082,1722909325.283412,1722909328.149017,,,<removed>,<removed>,,gpt-4o,chatgpt-reject,,2.865605115890503,,2.8659350872039795,173,60.37119316987235
1722909345.337618,1722909345.337618,1722909347.162028,,,<removed>,<removed>,,gpt-4o,chatgpt-reject,,1.8244099617004397,,1.8244099617004397,112,61.38971083868152
1722909354.890146,1722909354.890148,1722909357.963705,1722909367.874619,1722909367.87465,<removed>,<removed>,"
DALL·E displayed 1 images. The images are already plainly visible, so don't repeat the descriptions in detail. Do not list download links as they are available in the ChatGPT UI already. The user may download the images by clicking on them, but do not mention anything about downloading to the user.",gpt-4o,success,False,3.073557138442993,9.910913944244385,12.98447299003601,128,41.6455573247753
1722909377.153291,1722909377.153848,1722909378.14846,,,<removed>,<removed>,,gpt-4o,chatgpt-reject,,0.9946119785308838,,0.995168924331665,43,43.23294000894119
1722909386.600941,1722909386.606625,1722909387.697006,,,<removed>,<removed>,,gpt-4o,chatgpt-reject,,1.0903809070587158,,1.0960650444030762,67,61.44641708807189
1722909394.439815,1722909394.439816,1722909396.356293,1722909401.441217,1722909401.443049,<removed>,<removed>,"
DALL·E displayed 1 images. The images are already plainly visible, so don't repeat the descriptions in detail. Do not list download links as they are available in the ChatGPT UI already. The user may download the images by clicking on them, but do not mention anything about downloading to the user.",gpt-4o,success,False,1.9164769649505613,5.084923982620239,7.001401901245117,116,60.527729850899824
1722909411.437353,1722909411.437353,1722909412.993639,,1722909413.482462,<removed>,<removed>,"DALL·E returned no images. Don't repeat the descriptions in detail.The user's requests didn't follow our content policy. Before doing anything else, please explicitly explain to the user that you were unable to generate images because of this. Make sure to use the phrase ""content policy"" in your response. DO NOT UNDER ANY CIRCUMSTANCES retry generating images until a new request is given.",gpt-4o,dalle-content-policy,,1.556286096572876,0.4888229370117187,2.0451090335845947,104,66.82575924119618
1722909435.76111,1722909435.761111,1722909438.682451,1722909444.756005,1722909444.760251,<removed>,<removed>,"
DALL·E displayed 1 images. The images are already plainly visible, so don't repeat the descriptions in detail. Do not list download links as they are available in the ChatGPT UI already. The user may download the images by clicking on them, but do not mention anything about downloading to the user.",gpt-4o,success,False,2.921339988708496,6.073554039001465,8.994894981384277,136,46.55397883357104
1722909452.378702,1722909452.378702,1722909455.518132,,1722909465.341385,<removed>,<removed>,"DALL·E returned no images. Don't repeat the descriptions in detail.DALL·E experienced an error when generating images.Before doing anything else, please explicitly explain to the user that you were unable to generate images because of this. Make sure to use the phrase ""issues"" in your response. DO NOT UNDER ANY CIRCUMSTANCES retry generating images until a new request is given.",gpt-4o,dalle-issue,,3.139430046081543,9.82325291633606,12.962682962417604,125,39.81614438455727
1722909478.438607,1722909478.438607,1722909482.226878,,,<removed>,<removed>,,gpt-4o,chatgpt-reject,,3.788270950317383,,3.788270950317383,184,48.570971404404006
1722909502.402109,1722909502.402111,1722909503.386935,,,<removed>,<removed>,,gpt-4o,chatgpt-reject,,0.9848239421844482,,0.9848260879516602,69,70.06328445564634
1722909531.701665,1722909531.701665,1722909534.330535,,,<removed>,<removed>,,gpt-4o,chatgpt-reject,,2.628870010375977,,2.628870010375977,154,58.58030233224624
1722909542.257026,1722909542.257026,1722909544.395571,1722909556.963299,1722909556.9633,<removed>,<removed>,"
DALL·E displayed 1 images. The images are already plainly visible, so don't repeat the descriptions in detail. Do not list download links as they are available in the ChatGPT UI already. The user may download the images by clicking on them, but do not mention anything about downloading to the user.",gpt-4o,success,False,2.138545036315918,12.56772804260254,14.706273078918455,126,58.91856278933495
1722909566.655741,1722909566.655741,1722909568.877841,,,<removed>,<removed>,,gpt-4o,chatgpt-reject,,2.222100019454956,,2.222100019454956,51,22.951262118484408
1722909577.767799,1722909577.7678,1722909577.88132,,,<removed>,<removed>,,gpt-4o,chatgpt-reject,,0.1135199069976806,,0.1135210990905761,11,96.89930419186076
1722909585.981748,1722909585.981748,1722909589.55289,1722909598.144284,1722909598.144594,<removed>,<removed>,"
DALL·E displayed 1 images. The images are already plainly visible, so don't repeat the descriptions in detail. Do not list download links as they are available in the ChatGPT UI already. The user may download the images by clicking on them, but do not mention anything about downloading to the user.",gpt-4o,success,False,3.5711419582366943,8.591393947601318,12.162535905838013,155,43.40348320304064
1722909609.615499,1722909609.615501,1722909611.272194,1722909617.947742,1722909617.949054,<removed>,<removed>,"
DALL·E displayed 1 images. The images are already plainly visible, so don't repeat the descriptions in detail. Do not list download links as they are available in the ChatGPT UI already. The user may download the images by clicking on them, but do not mention anything about downloading to the user.",gpt-4o,success,False,1.6566929817199707,6.675548076629639,8.332242965698242,105,63.379274952314645
1722909623.6166,1722909623.6166,1722909627.046337,,,<removed>,<removed>,,gpt-4o,chatgpt-reject,,3.429736852645874,,3.429736852645874,70,20.409729086357878
1722909636.043027,1722909636.043027,1722909638.516741,,1722909638.807436,<removed>,<removed>,"DALL·E returned no images. Don't repeat the descriptions in detail.The user's requests didn't follow our content policy. Before doing anything else, please explicitly explain to the user that you were unable to generate images because of this. Make sure to use the phrase ""content policy"" in your response. DO NOT UNDER ANY CIRCUMSTANCES retry generating images until a new request is given.",gpt-4o,dalle-content-policy,,2.4737141132354736,0.2906949520111084,2.764409065246582,140,56.59506054112622
1722909646.95826,1722909646.95826,1722909647.912736,,,<removed>,<removed>,,gpt-4o,chatgpt-reject,,0.9544758796691896,,0.9544758796691896,56,58.67094307234769
1722909656.800584,1722909656.800994,1722909659.150114,,1722909659.481617,<removed>,<removed>,"DALL·E returned no images. Don't repeat the descriptions in detail.The user's requests didn't follow our content policy. Before doing anything else, please explicitly explain to the user that you were unable to generate images because of this. Make sure to use the phrase ""content policy"" in your response. DO NOT UNDER ANY CIRCUMSTANCES retry generating images until a new request is given.",gpt-4o,dalle-content-policy,,2.349120140075684,0.3315029144287109,2.68103289604187,119,50.6572643816191
1722909668.584061,1722909668.584062,1722909671.26097,,,<removed>,<removed>,,gpt-4o,chatgpt-reject,,2.676908016204834,,2.676909208297729,119,44.45427309404204
1722909683.554949,1722909683.555828,1722909686.702498,,1722909686.847216,<removed>,<removed>,"Before doing anything else, please explicitly explain to the user that you were unable to generate images because of this. Make sure to use the phrase ""You're generating images too quickly. To ensure the best experience for everyone, we have rate limits in place. Please wait for 6 minutes before generating more images."" in your response. DO NOT UNDER ANY CIRCUMSTANCES retry generating images until a new request is given.",gpt-4o,dalle-rate-limit,,3.146669864654541,0.1447179317474365,3.292266845703125,140,44.49148020660565
